{"_runtime":50.020014068,"grad_norm":1.786533236503601,"loss":0.34267308235171945,"lr":1.999719988799552e-05,"_timestamp":1.7589275400891366e+09,"_step":11,"_wandb":{"runtime":50}}