{"grad_norm":0.028212981298565865,"loss":0.12267306986025205,"lr":1.1207248289931598e-05,"_timestamp":1.7590128922940695e+09,"_step":22006,"val/latent_loss":0.15603172779083252,"_wandb":{"runtime":84605},"_runtime":84605.48710976}