{"_step":131,"grad_norm":0.2992061972618103,"loss":0.18581795779025037,"lr":1.9949997999919998e-05,"_timestamp":1.7589281630496786e+09,"_wandb":{"runtime":503},"_runtime":503.321727371}