{"grad_norm":0.10495278239250183,"_wandb":{"runtime":168},"_runtime":168.772673064,"loss":0.05768550534026879,"lr":1.998839953598144e-05,"_timestamp":1.7586599948513176e+09,"_step":34}