{"_timestamp":1.7591017743531055e+09,"val/latent_loss":0.15596385300159454,"_wandb":{"runtime":88249},"_runtime":88249.243884833,"_step":22944,"grad_norm":0.03537134453654289,"loss":0.1642259264081184,"lr":1.0832433297331895e-05}