{"_timestamp":1.759012803702425e+09,"val/latent_loss":0.15474727749824524,"_wandb":{"runtime":83987},"_runtime":83987.881437422,"_step":21822,"grad_norm":0.09451744705438614,"loss":0.12676389279857747,"lr":1.1282051282051283e-05}