{"_wandb":{"runtime":178746},"_runtime":178746.089754448,"grad_norm":0.019607603549957275,"loss":0.03736900593811,"lr":6.265850634025361e-06,"_timestamp":1.7588389569417517e+09,"_step":34374,"val/latent_loss":0.0854293555021286}